{ "action": { "type": "firstchild" }, "children": { "admin": { "satisfied": true, "children": { "services": { "satisfied": true, "children": { "acme": { "satisfied": true, "action": { "type": "alias", "path": "admin/services/acme/configure" }, "depends": { "acl": [ "luci-app-acme" ] }, "order": 50, "title": "ACME certificates", "children": { "configure": { "satisfied": true, "action": { "type": "view", "path": "acme/acme" }, "order": 10, "title": "Configure" }, "logread": { "satisfied": true, "action": { "type": "view", "path": "acme/logread" }, "order": 20, "title": "Log View" } } }, "ddns": { "satisfied": true, "action": { "type": "view", "path": "ddns/overview" }, "depends": { "acl": [ "luci-app-ddns" ] }, "order": 59, "title": "Dynamic DNS" }, "https-dns-proxy": { "satisfied": true, "action": { "type": "view", "path": "https-dns-proxy/overview" }, "depends": { "acl": [ "luci-app-https-dns-proxy" ] }, "order": 90, "title": "HTTPS DNS Proxy" }, "ttyd": { "satisfied": true, "action": { "type": "firstchild" }, "depends": { "acl": [ "luci-app-ttyd" ], "uci": { "ttyd": true } }, "title": "Terminal", "children": { "ttyd": { "satisfied": true, "action": { "type": "view", "path": "ttyd/term" }, "order": 1, "title": "Terminal" }, "config": { "satisfied": true, "action": { "type": "view", "path": "ttyd/config" }, "order": 2, "title": "Config" } } }, "zapret": { "satisfied": true, "action": { "type": "alias", "path": "admin/services/zapret/service" }, "depends": { "acl": [ "luci-app-zapret" ], "fs": { "/opt/zapret/sync_config.sh": "executable", "/opt/zapret/restore-def-cfg.sh": "executable", "/etc/init.d/zapret": "executable" }, "uci": { "zapret": true } }, "order": 61, "title": "Zapret", "children": { "service": { "satisfied": true, "action": { "type": "view", "path": "zapret/service" }, "order": 10, "title": "Service" }, "settings": { "satisfied": true, "action": { "type": "view", "path": "zapret/settings" }, "order": 20, "title": "Settings" }, "dmnlog": { "satisfied": true, "action": { "type": "view", "path": "zapret/dmnlog" }, "order": 30, "title": "Log Viewer" } } } }, "action": { "type": "firstchild", "recurse": true }, "order": 40, "title": "Services" }, "system": { "satisfied": true, "children": { "attendedsysupgrade": { "satisfied": true, "action": { "type": "firstchild" }, "depends": { "acl": [ "luci-app-attendedsysupgrade" ], "uci": { "attendedsysupgrade": true } }, "order": 60, "title": "Attended Sysupgrade", "children": { "overview": { "satisfied": true, "action": { "type": "view", "path": "attendedsysupgrade/overview" }, "order": 1, "title": "Overview" }, "configuration": { "satisfied": true, "action": { "type": "view", "path": "attendedsysupgrade/configuration" }, "order": 2, "title": "Configuration" } } }, "package-manager": { "satisfied": true, "action": { "type": "view", "path": "package-manager" }, "depends": { "acl": [ "luci-app-package-manager" ] }, "order": 30, "title": "Software" }, "system": { "satisfied": true, "action": { "type": "view", "path": "system/system" }, "depends": { "acl": [ "luci-mod-system-config" ] }, "order": 1, "title": "System" }, "admin": { "satisfied": true, "action": { "type": "firstchild" }, "depends": { "acl": [ "luci-mod-system-config", "luci-mod-system-ssh" ] }, "order": 2, "title": "Administration", "children": { "password": { "satisfied": true, "action": { "type": "view", "path": "system/password" }, "depends": { "acl": [ "luci-mod-system-config" ] }, "order": 1, "title": "Router Password" }, "dropbear": { "satisfied": true, "action": { "type": "view", "path": "system/dropbear" }, "depends": { "acl": [ "luci-mod-system-ssh" ], "fs": { "/usr/sbin/dropbear": "executable" } }, "order": 2, "title": "SSH Access" }, "sshkeys": { "satisfied": true, "action": { "type": "view", "path": "system/sshkeys" }, "depends": { "acl": [ "luci-mod-system-ssh" ], "fs": { "/usr/sbin/dropbear": "executable" } }, "order": 3, "title": "SSH-Keys" }, "uhttpd": { "satisfied": true, "action": { "type": "view", "path": "system/uhttpd" }, "depends": { "acl": [ "luci-mod-system-uhttpd" ], "fs": { "/usr/sbin/uhttpd": "executable" } }, "order": 4, "title": "HTTP(S) Access" }, "repokeys": { "satisfied": true, "action": { "type": "view", "path": "system/repokeys" }, "depends": { "acl": [ "luci-mod-system-repokeys" ] }, "order": 5, "title": "Repo Public Keys" } } }, "startup": { "satisfied": true, "action": { "type": "view", "path": "system/startup" }, "depends": { "acl": [ "luci-mod-system-init" ] }, "order": 45, "title": "Startup" }, "crontab": { "satisfied": true, "action": { "type": "view", "path": "system/crontab" }, "depends": { "acl": [ "luci-mod-system-cron" ] }, "order": 46, "title": "Scheduled Tasks" }, "mounts": { "satisfied": false, "action": { "type": "view", "path": "system/mounts" }, "depends": { "acl": [ "luci-mod-system-mounts" ], "fs": { "/sbin/block": "executable" } }, "order": 50, "title": "Mount Points" }, "leds": { "satisfied": true, "action": { "type": "view", "path": "system/leds" }, "depends": { "acl": [ "luci-mod-system-config" ], "fs": { "/sys/class/leds": "directory" } }, "order": 60, "title": "LED Configuration" }, "flash": { "satisfied": true, "action": { "type": "view", "path": "system/flash" }, "depends": { "acl": [ "luci-mod-system-flash" ] }, "order": 70, "title": "Backup / Flash Firmware" }, "reboot": { "satisfied": true, "action": { "type": "view", "path": "system/reboot" }, "depends": { "acl": [ "luci-mod-system-reboot" ] }, "order": 90, "title": "Reboot" } }, "action": { "type": "firstchild", "preferred": "system", "recurse": true }, "order": 20, "title": "System" }, "status": { "satisfied": true, "children": { "dawn": { "satisfied": true, "action": { "type": "firstchild" }, "depends": { "acl": [ "luci-app-dawn" ] }, "order": 60, "title": "DAWN", "children": { "network_overview": { "satisfied": true, "action": { "type": "view", "path": "status/dawn/network_overview" }, "order": 1, "title": "Network Overview" }, "hearing_map": { "satisfied": true, "action": { "type": "view", "path": "status/dawn/hearing_map" }, "order": 2, "title": "Hearing Map" } } }, "overview": { "satisfied": true, "action": { "type": "template", "path": "admin_status/index" }, "depends": { "acl": [ "luci-mod-status-index" ] }, "order": 1, "title": "Overview" }, "routes": { "satisfied": false, "action": { "type": "view", "path": "status/routes" }, "depends": { "acl": [ "luci-mod-status-routes" ], "fs": [ { "/usr/libexec/ip-tiny": "absent", "/usr/libexec/ip-full": "absent" } ] }, "order": 2, "title": "Routing" }, "routesj": { "satisfied": true, "action": { "type": "view", "path": "status/routesj" }, "depends": { "acl": [ "luci-mod-status-routes-json" ], "fs": [ { "/usr/libexec/ip-tiny": "executable" }, { "/usr/libexec/ip-full": "executable" } ] }, "order": 2, "title": "Routing" }, "iptables": { "satisfied": false, "action": { "type": "view", "path": "status/iptables" }, "depends": { "acl": [ "luci-mod-status-firewall" ], "fs": [ { "/usr/sbin/nft": "absent", "/usr/sbin/iptables": "executable" }, { "/usr/sbin/nft": "absent", "/usr/sbin/ip6tables": "executable" } ] }, "order": 3, "title": "Firewall" }, "nftables": { "satisfied": true, "action": { "type": "view", "path": "status/nftables" }, "depends": { "acl": [ "luci-mod-status-firewall" ], "fs": { "/usr/sbin/nft": "executable" } }, "order": 3, "title": "Firewall", "children": { "iptables": { "satisfied": true, "action": { "type": "view", "path": "status/iptables" } } } }, "logs": { "satisfied": true, "action": { "type": "alias", "path": "admin/status/logs/syslog" }, "depends": { "acl": [ "luci-mod-status-logs" ] }, "order": 4, "title": "System Log", "children": { "syslog": { "satisfied": true, "action": { "type": "view", "path": "status/syslog" }, "order": 1, "title": "System Log" }, "dmesg": { "satisfied": true, "action": { "type": "view", "path": "status/dmesg" }, "order": 2, "title": "Kernel Log" } } }, "processes": { "satisfied": true, "action": { "type": "view", "path": "status/processes" }, "depends": { "acl": [ "luci-mod-status-processes" ] }, "order": 6, "title": "Processes" }, "channel_analysis": { "satisfied": true, "action": { "type": "view", "path": "status/channel_analysis" }, "depends": { "acl": [ "luci-mod-status-channel_analysis" ], "uci": { "wireless": { "@wifi-device": true } } }, "order": 7, "title": "Channel Analysis" }, "realtime": { "satisfied": true, "action": { "type": "alias", "path": "admin/status/realtime/load" }, "depends": { "acl": [ "luci-mod-status-realtime" ] }, "order": 7, "title": "Realtime Graphs", "children": { "load": { "satisfied": true, "action": { "type": "view", "path": "status/load" }, "order": 1, "title": "Load" }, "bandwidth": { "satisfied": true, "action": { "type": "view", "path": "status/bandwidth" }, "order": 2, "title": "Bandwidth" }, "wireless": { "satisfied": true, "action": { "type": "view", "path": "status/wireless" }, "depends": { "uci": { "wireless": { "@wifi-device": true } } }, "order": 3, "title": "Wireless" }, "connections": { "satisfied": true, "action": { "type": "view", "path": "status/connections" }, "order": 4, "title": "Connections" } } } }, "action": { "type": "firstchild", "preferred": "overview", "recurse": true }, "order": 10, "title": "Status" }, "network": { "satisfied": true, "children": { "dawn": { "satisfied": true, "action": { "type": "view", "path": "network/dawn" }, "depends": { "acl": [ "luci-app-dawn" ] }, "order": 60, "title": "DAWN" }, "firewall": { "satisfied": true, "action": { "type": "alias", "path": "admin/network/firewall/zones" }, "depends": { "acl": [ "luci-app-firewall" ], "fs": { "/sbin/fw3": "executable" }, "uci": { "firewall": true } }, "order": 60, "title": "Firewall", "children": { "zones": { "satisfied": true, "action": { "type": "view", "path": "firewall/zones" }, "order": 10, "title": "General Settings" }, "forwards": { "satisfied": true, "action": { "type": "view", "path": "firewall/forwards" }, "order": 20, "title": "Port Forwards" }, "rules": { "satisfied": true, "action": { "type": "view", "path": "firewall/rules" }, "order": 30, "title": "Traffic Rules" }, "snats": { "satisfied": true, "action": { "type": "view", "path": "firewall/snats" }, "order": 40, "title": "NAT Rules" }, "ipsets": { "satisfied": true, "action": { "type": "view", "path": "firewall/ipsets" }, "order": 45, "title": "IP Sets" }, "custom": { "satisfied": false, "action": { "type": "view", "path": "firewall/custom" }, "depends": { "fs": { "/usr/share/fw3/helpers.conf": "file" } }, "order": 50, "title": "Custom Rules" } } }, "sqm": { "satisfied": true, "action": { "type": "view", "path": "network/sqm" }, "depends": { "acl": [ "luci-app-sqm" ] }, "order": 59, "title": "SQM QoS" }, "switch": { "satisfied": false, "action": { "type": "view", "path": "network/switch" }, "depends": { "acl": [ "luci-mod-network-config" ], "fs": { "/sbin/swconfig": "executable" }, "uci": { "network": { "@switch": true } } }, "order": 20, "title": "Switch" }, "wireless": { "satisfied": true, "action": { "type": "view", "path": "network/wireless" }, "depends": { "acl": [ "luci-mod-network-config" ], "uci": { "wireless": { "@wifi-device": true } } }, "order": 15, "title": "Wireless" }, "remote_addr": { "satisfied": true, "wildcard": true, "action": { "type": "call", "module": "luci.controller.admin.network", "function": "remote_addr" }, "wildcardaction": { "type": "call", "module": "luci.controller.admin.network", "function": "remote_addr" } }, "network": { "satisfied": true, "action": { "type": "view", "path": "network/interfaces" }, "depends": { "acl": [ "luci-mod-network-config" ] }, "order": 10, "title": "Interfaces" }, "routes": { "satisfied": true, "action": { "type": "view", "path": "network/routes" }, "depends": { "acl": [ "luci-mod-network-config" ] }, "order": 30, "title": "Routing" }, "dhcp": { "satisfied": true, "action": { "type": "view", "path": "network/dhcp" }, "depends": { "acl": [ "luci-mod-network-dhcp" ], "fs": [ { "/usr/sbin/odhcpd": "executable" }, { "/usr/sbin/dnsmasq": "executable" } ], "uci": { "dhcp": true } }, "order": 40, "title": "DHCP" }, "dns": { "satisfied": true, "action": { "type": "view", "path": "network/dns" }, "depends": { "acl": [ "luci-mod-network-dns" ], "fs": { "/usr/sbin/dnsmasq": "executable" }, "uci": { "dhcp": true } }, "order": 45, "title": "DNS" }, "diagnostics": { "satisfied": true, "action": { "type": "view", "path": "network/diagnostics" }, "depends": { "acl": [ "luci-mod-network-diagnostics" ] }, "order": 50, "title": "Diagnostics" } }, "action": { "type": "firstchild", "recurse": true }, "order": 50, "title": "Network" }, "vpn": { "satisfied": true, "action": { "type": "firstchild", "recurse": true }, "order": 70, "title": "VPN" }, "translations": { "satisfied": true, "wildcard": true, "action": { "type": "function", "module": "luci.controller.admin.index", "function": "action_translations" }, "auth": { }, "wildcardaction": { "type": "function", "module": "luci.controller.admin.index", "function": "action_translations" } }, "ubus": { "satisfied": true, "wildcard": true, "action": { "type": "function", "module": "luci.controller.admin.index", "function": "action_ubus" }, "auth": { }, "wildcardaction": { "type": "function", "module": "luci.controller.admin.index", "function": "action_ubus" } }, "logout": { "satisfied": true, "action": { "type": "function", "module": "luci.controller.admin.index", "function": "action_logout" }, "depends": { "acl": [ "luci-base" ] }, "order": 999, "title": "Log out", "firstchild_ineligible": true }, "uci": { "satisfied": true, "action": { "type": "firstchild" }, "children": { "revert": { "satisfied": true, "action": { "type": "function", "module": "luci.controller.admin.uci", "function": "action_revert", "post": true } }, "apply_rollback": { "satisfied": true, "action": { "type": "function", "module": "luci.controller.admin.uci", "function": "action_apply_rollback", "post": true }, "auth": { "methods": [ "cookie:sysauth_https", "cookie:sysauth_http" ] }, "cors": true }, "apply_unchecked": { "satisfied": true, "action": { "type": "function", "module": "luci.controller.admin.uci", "function": "action_apply_unchecked", "post": true }, "auth": { "methods": [ "cookie:sysauth_https", "cookie:sysauth_http" ] }, "cors": true }, "confirm": { "satisfied": true, "action": { "type": "function", "module": "luci.controller.admin.uci", "function": "action_confirm" }, "auth": { }, "cors": true } } }, "menu": { "satisfied": true, "action": { "type": "function", "module": "luci.controller.admin.index", "function": "action_menu" }, "auth": { } } }, "action": { "type": "firstchild", "recurse": true }, "auth": { "methods": [ "cookie:sysauth_https", "cookie:sysauth_http" ], "login": true }, "order": 10, "title": "Administration" } } }