{
	"luci-mod-system-config": {
		"description": "Grant access to system configuration",
		"read": {
			"ubus": {
				"luci": [ "getLEDs", "getTimezones", "getUSBDevices", "getUnixtime" ],
				"rc": [ "list" ]
			},
			"uci": [ "luci", "system" ]
		},
		"write": {
			"ubus": {
				"luci": [ "setLocaltime", "setPassword" ],
				"rc": [ "init" ]
			},
			"uci": [ "luci", "system" ]
		}
	},

	"luci-mod-system-ssh": {
		"description": "Grant access to SSH configuration",
		"read": {
			"file": {
				"/etc/dropbear/authorized_keys": [ "read" ]
			},
			"ubus": {
				"file": [ "read" ]
			},
			"uci": [ "dropbear" ]
		},
		"write": {
			"file": {
				"/etc/dropbear/authorized_keys": [ "write" ]
			},
			"ubus": {
				"file": [ "write" ],
				"luci": [ "setLocaltime" ]
			},
			"uci": [ "dropbear" ]
		}
	},

	"luci-mod-system-repokeys": {
		"description": "Grant access to Software Repository Public Key management",
		"read": {
			"file": {
				"/etc/opkg/keys/*": [ "read" ],
				"/etc/apk/keys/*": [ "read" ]
			}
		},
		"write": {
			"file": {
				"/etc/opkg/keys/*": [ "write" ],
				"/etc/apk/keys/*": [ "write" ]
			}
		}
	},

	"luci-mod-system-uhttpd": {
		"description": "Grant access to uHTTPd configuration",
		"read": {
			"uci": [ "uhttpd" ]
		},
		"write": {
			"uci": [ "uhttpd" ]
		}
	},


	"luci-mod-system-init": {
		"description": "Grant access to startup configuration",
		"read": {
			"file": {
				"/etc/rc.local": [ "read" ]
			},
			"ubus": {
				"file": [ "read" ],
				"rc": [ "list" ]
			}
		},
		"write": {
			"file": {
				"/etc/rc.local": [ "write" ]
			},
			"ubus": {
				"file": [ "write" ],
				"rc": [ "init" ]
			}
		}
	},

	"luci-mod-system-cron": {
		"description": "Grant access to crontab configuration",
		"read": {
			"file": {
				"/etc/crontabs/root": [ "read" ]
			},
			"ubus": {
				"file": [ "read" ]
			}
		},
		"write": {
			"file": {
				"/etc/crontabs/root": [ "write" ],
				"/etc/init.d/cron reload": [ "exec" ]
			},
			"ubus": {
				"file": [ "write" ]
			}
		}
	},

	"luci-mod-system-mounts": {
		"description": "Grant access to mount configuration",
		"read": {
			"file": {
				"/etc/filesystems": [ "read" ],
				"/proc/filesystems": [ "read" ],
				"/usr/bin/btrfsck": [ "list" ],
				"/usr/bin/ntfsfix": [ "list" ],
				"/usr/sbin/e2fsck": [ "list" ],
				"/usr/sbin/fsck.f2fs": [ "list" ],
				"/usr/sbin/fsck.fat": [ "list" ]
			},
			"ubus": {
				"file": [ "read", "stat" ],
				"luci": [ "getBlockDevices", "getMountPoints" ]
			},
			"uci": [ "fstab" ]
		},
		"write": {
			"file": {
				"/etc/crontabs/root": [ "write" ],
				"/bin/umount": [ "exec" ],
				"/sbin/block": [ "exec" ]
			},
			"ubus": {
				"file": [ "exec", "write" ],
				"luci": [ "setBlockDetect" ]
			},
			"uci": [ "fstab" ]
		}
	},

	"luci-mod-system-flash": {
		"description": "Grant access to flash operations",
		"read": {
			"cgi-io": [ "backup", "download" ],
			"file": {
				"/dev/mtdblock[0-9]*": [ "read" ],
				"/etc/sysupgrade.conf": [ "read" ],
				"/lib/upgrade/platform.sh": [ "list" ],
				"/proc/mounts": [ "read" ],
				"/proc/mtd": [ "read" ],
				"/proc/partitions": [ "read" ],
				"/proc/sys/kernel/hostname": [ "read" ],
				"/sbin/sysupgrade --list-backup": [ "exec" ]
			},
			"ubus": {
				"file": [ "exec", "read", "stat" ]
			}
		},
		"write": {
			"cgi-io": [ "upload" ],
			"file": {
				"/bin/tar -tzf /tmp/backup.tar.gz": [ "exec" ],
				"/etc/sysupgrade.conf": [ "write" ],
				"/sbin/firstboot -r -y": [ "exec" ],
				"/sbin/reboot": [ "exec" ],
				"/sbin/sysupgrade --force /tmp/firmware.bin": [ "exec" ],
				"/sbin/sysupgrade -n --force /tmp/firmware.bin": [ "exec" ],
				"/sbin/sysupgrade --force -k /tmp/firmware.bin": [ "exec" ],
				"/sbin/sysupgrade --force -u /tmp/firmware.bin": [ "exec" ],
				"/sbin/sysupgrade --force -u -k /tmp/firmware.bin": [ "exec" ],
				"/sbin/sysupgrade -n /tmp/firmware.bin": [ "exec" ],
				"/sbin/sysupgrade -k /tmp/firmware.bin": [ "exec" ],
				"/sbin/sysupgrade -u /tmp/firmware.bin": [ "exec" ],
				"/sbin/sysupgrade -u -k /tmp/firmware.bin": [ "exec" ],
				"/sbin/sysupgrade --restore-backup /tmp/backup.tar.gz": [ "exec" ],
				"/sbin/sysupgrade --test /tmp/firmware.bin": [ "exec" ],
				"/sbin/sysupgrade /tmp/firmware.bin": [ "exec" ],
				"/tmp/backup.tar.gz": [ "write" ],
				"/tmp/firmware.bin": [ "write" ]
			},
			"ubus": {
				"file": [ "exec", "remove", "write" ],
				"system": [ "validate_firmware_image" ]
			}
		}
	},

	"luci-mod-system-reboot": {
		"description": "Allow rebooting the device",
		"write": {
			"file": {
				"/sbin/reboot": [ "exec" ]
			},
			"ubus": {
				"file": [ "exec" ],
				"system": [ "reboot" ]
			}
		}
	}
}
