{
	"model": {
		"id": "xiaomi,mi-router-ax3000t",
		"name": "Xiaomi Mi Router AX3000T"
	},
	"network": {
		"lan": {
			"ports": [
				"lan2",
				"lan3",
				"lan4"
			],
			"protocol": "static"
		},
		"wan": {
			"device": "wan",
			"protocol": "dhcp",
			"macaddr": "cc:d8:43:19:be:d2"
		}
	},
	"system": {
		"label_macaddr": "cc:d8:43:19:be:d2"
	},
	"wlan": {
		"phy0": {
			"path": "platform/soc/18000000.wifi",
			"info": {
				"antenna_rx": 3,
				"antenna_tx": 3,
				"bands": {
					"2G": {
						"ht": true,
						"he": true,
						"max_width": 40,
						"modes": [
							"NOHT",
							"HT20",
							"HE20",
							"HT40",
							"HE40"
						],
						"default_channel": 1
					}
				},
				"radios": [
				]
			}
		},
		"phy1": {
			"path": "platform/soc/18000000.wifi+1",
			"info": {
				"antenna_rx": 3,
				"antenna_tx": 3,
				"bands": {
					"5G": {
						"ht": true,
						"vht": true,
						"he": true,
						"max_width": 160,
						"modes": [
							"NOHT",
							"HT20",
							"VHT20",
							"HE20",
							"HT40",
							"VHT40",
							"HE40",
							"VHT80",
							"HE80",
							"VHT160",
							"HE160"
						],
						"default_channel": 36
					}
				},
				"radios": [
				]
			}
		}
	}
}
